covid	tx2019	tx2020
0	0	0
0.0281212841854935	0.00357142857142857	0.00357142857142857
0.0673008323424495	0.0464285714285714	0.0464285714285714
0.540933412604043	0.539285714285714	0.539285714285714
1	1	1
