covid	tx2019	tx2020
0	0	0
0.115027829313544	0.115027829313544	0.115027829313544
0.180890538033395	0.180890538033395	0.180890538033395
0.552875695732839	0.552875695732839	0.552875695732839
1	1	1
