covid	tx2019	tx2020
0	0.00793650793650794	0
0.0496570320722983	0.0912698412698413	0.0198412698412698
0.149627855296711	0.369047619047619	0.0992063492063492
0.355516006484229	0.623015873015873	0.170634920634921
0.724781897031141	0.793650793650794	0.23015873015873
1	1	0.293650793650794
