covid	tx2019	tx2020
0	0.0350877192982456	0
0.0748833645112578	0.157894736842105	0.140350877192982
0.887939777772769	0.850877192982456	0.903508771929824
1	0.982456140350877	1
