covid	tx2019	tx2020
0	0	0.00749063670411985
0.0621032536131737	0.192883895131086	0.0636704119850187
0.165292450399382	0.367041198501873	0.172284644194757
0.267082054765641	0.591760299625468	0.256554307116105
0.672706191000445	0.833333333333333	0.50936329588015
1	1	0.730337078651685
