covid	tx2019	tx2020
0	0	0
0.109487445397693	0.16504854368932	0.0266990291262136
0.226022123754753	0.429611650485437	0.0825242718446602
0.537058860500927	0.764563106796116	0.145631067961165
0.90038025203482	0.924757281553398	0.191747572815534
1	1	0.247572815533981
