covid	tx2019	tx2020
0	0	0
0.0534840127038709	0.0610169491525424	0.0666666666666667
0.158743164505576	0.190395480225989	0.166666666666667
0.322057752465554	0.444632768361582	0.353107344632768
0.706519987105093	0.702824858757062	0.595480225988701
1	1	0.823728813559322
